<?xml version="1.0" encoding="UTF-8"?>
<!DOCTYPE issue-xml
PUBLIC "-//Atypon//DTD Atypon JATS Journal Archiving and Interchange Issue XML DTD v1.0 20120831//EN"
"JATS-1.0/Atypon-Issue-Xml.dtd">
<issue-xml><journal-meta><journal-id journal-id-type="publisher-id">BHDA</journal-id><journal-title-group><journal-title>Behavioral Disorders </journal-title></journal-title-group><issn pub-type="ppub">0198-7429</issn><issn pub-type="epub">2163-5307</issn><publisher><publisher-name>SAGE Publications</publisher-name></publisher></journal-meta><issue-meta issue-type="normal"><pub-date pub-type="epub-ppub"><month>11</month><year>2016</year></pub-date><volume>42</volume><issue>1</issue><issue-id pub-id-type="doi">10.1177/BHDA_42_1</issue-id></issue-meta><toc toc-type="page-order"><issue-subject-group><issue-subject-title><subject>Article</subject></issue-subject-title><issue-article-meta><article-id pub-id-type="doi">10.1177/019874291604200101</article-id></issue-article-meta><issue-article-meta><article-id pub-id-type="doi">10.17988/BD-15-95.1</article-id></issue-article-meta><issue-article-meta><article-id pub-id-type="doi">10.17988/BD-16-115.1</article-id></issue-article-meta></issue-subject-group><issue-subject-group><issue-subject-title><subject>Brief Report</subject></issue-subject-title><issue-article-meta><article-id pub-id-type="doi">10.17988/BD-14-12.1</article-id></issue-article-meta></issue-subject-group></toc></issue-xml>