<?xml version="1.0" encoding="UTF-8"?>
<!DOCTYPE issue-xml
PUBLIC "-//Atypon//DTD Atypon JATS Journal Archiving and Interchange Issue XML DTD v1.0 20120831//EN"
"JATS-1.0/Atypon-Issue-Xml.dtd">
<issue-xml><journal-meta><journal-id journal-id-type="publisher-id">AIPA</journal-id><journal-title-group><journal-title>AADE in Practice</journal-title></journal-title-group><issn pub-type="ppub">2325-1603</issn><issn pub-type="epub">2325-1611</issn><publisher><publisher-name>SAGE Publications</publisher-name></publisher></journal-meta><issue-meta issue-type="normal"><pub-date pub-type="epub-ppub"><month>1</month><year>2016</year></pub-date><volume>4</volume><issue>1</issue><issue-id pub-id-type="doi">10.1177/AIPA_4_1</issue-id></issue-meta><toc toc-type="page-order"><issue-subject-group><issue-subject-title><subject>From the Editor</subject></issue-subject-title><issue-article-meta><article-id pub-id-type="doi">10.1177/2325160315616961</article-id></issue-article-meta></issue-subject-group><issue-subject-group><issue-subject-title><subject>From the President</subject></issue-subject-title><issue-article-meta><article-id pub-id-type="doi">10.1177/2325160315620797</article-id></issue-article-meta></issue-subject-group><issue-subject-group><issue-subject-title><subject>Features</subject></issue-subject-title><issue-article-meta><article-id pub-id-type="doi">10.1177/2325160315621519</article-id></issue-article-meta><issue-article-meta><article-id pub-id-type="doi">10.1177/2325160315615555</article-id></issue-article-meta><issue-article-meta><article-id pub-id-type="doi">10.1177/2325160315615320</article-id></issue-article-meta></issue-subject-group><issue-subject-group><issue-subject-title><subject>Departments</subject></issue-subject-title><issue-subject-group><issue-subject-title><subject>Food for Thought</subject></issue-subject-title><issue-article-meta><article-id pub-id-type="doi">10.1177/2325160315620601</article-id></issue-article-meta></issue-subject-group><issue-subject-group><issue-subject-title><subject>Mind Sights</subject></issue-subject-title><issue-article-meta><article-id pub-id-type="doi">10.1177/2325160315620786</article-id></issue-article-meta></issue-subject-group><issue-subject-group><issue-subject-title><subject>Capsules</subject></issue-subject-title><issue-article-meta><article-id pub-id-type="doi">10.1177/2325160315618237</article-id></issue-article-meta></issue-subject-group></issue-subject-group><issue-subject-group><issue-subject-title><subject>Columns</subject></issue-subject-title><issue-subject-group><issue-subject-title><subject>Practice Pearl</subject></issue-subject-title><issue-article-meta><article-id pub-id-type="doi">10.1177/2325160315616936</article-id></issue-article-meta></issue-subject-group><issue-subject-group><issue-subject-title><subject>Reflections</subject></issue-subject-title><issue-article-meta><article-id pub-id-type="doi">10.1177/2325160315615228</article-id></issue-article-meta></issue-subject-group><issue-subject-group><issue-subject-title><subject>Fast Facts</subject></issue-subject-title><issue-article-meta><article-id pub-id-type="doi">10.1177/2325160315618233</article-id></issue-article-meta></issue-subject-group><issue-subject-group><issue-subject-title><subject>Test Your Knowledge</subject></issue-subject-title><issue-article-meta><article-id pub-id-type="doi">10.1177/2325160315616960</article-id></issue-article-meta></issue-subject-group></issue-subject-group><issue-subject-group><issue-subject-title><subject>News &amp; Events</subject></issue-subject-title><issue-article-meta><article-id pub-id-type="doi">10.1177/2325160315619930</article-id></issue-article-meta></issue-subject-group></toc></issue-xml>