<?xml version="1.0" encoding="UTF-8"?><!DOCTYPE article PUBLIC "-//NLM//DTD JATS (Z39.96) Journal Archiving and Interchange DTD v1.1d1 20130915//EN" "JATS-archivearticle1.dtd"><article article-type="brief-report" dtd-version="1.1d1" xml:lang="en" xmlns:xlink="http://www.w3.org/1999/xlink"><front><journal-meta><journal-id journal-id-type="publisher-id">BHDA</journal-id><journal-id journal-id-type="sage">BHD</journal-id><journal-title-group><journal-title>Behavioral Disorders </journal-title></journal-title-group><issn pub-type="ppub">0198-7429</issn><issn pub-type="epub">2163-5307</issn><publisher><publisher-name>SAGE Publications</publisher-name><publisher-loc>Sage CA: Los Angeles, CA</publisher-loc></publisher></journal-meta><article-meta><article-id pub-id-type="doi">10.17988/BD-14-12.1</article-id><article-id pub-id-type="publisher-id">10.17988_BD-14-12.1</article-id><article-categories><subj-group subj-group-type="heading"><subject>Brief Report</subject></subj-group></article-categories><title-group><article-title>The Effects of a Class-wide Behavior Intervention for Students with Emotional and Behavioral Disorders</article-title></title-group><contrib-group><contrib contrib-type="author"><string-name><given-names>Marc</given-names> <surname>Weeden</surname></string-name><xref ref-type="aff" rid="aff1-BD-14-12.1"/></contrib><x>, </x><contrib contrib-type="author"><string-name><given-names>Howard P.</given-names> <surname>Wills</surname></string-name><xref ref-type="aff" rid="aff2-BD-14-12.1"/><xref ref-type="corresp" rid="corresp1-BD-14-12.1"/></contrib><x>, </x><contrib contrib-type="author"><string-name><given-names>Esther</given-names> <surname>Kottwitz</surname></string-name><xref ref-type="aff" rid="aff3-BD-14-12.1"/></contrib><x>, </x><contrib contrib-type="author"><string-name><given-names>Debra</given-names> <surname>Kamps</surname></string-name><xref ref-type="aff" rid="aff2-BD-14-12.1"/></contrib></contrib-group><aff id="aff1-BD-14-12.1">Full Spectrum Behavior Analysis</aff><aff id="aff2-BD-14-12.1">Juniper Gardens Children's Project, University of Kansas</aff><aff id="aff3-BD-14-12.1">Kansas City (Kansas) Public Schools</aff><author-notes><corresp id="corresp1-BD-14-12.1">Juniper Gardens Children's Project, University of Kansas, 650 Minnesota Avenue, Kansas City, KS 66101; E-mail <email xlink:href="hpwills@ku.edu">hpwills@ku.edu</email>.</corresp></author-notes><pub-date pub-type="epub-ppub"><month>11</month><year>2016</year></pub-date><volume>42</volume><issue>1</issue><fpage>285</fpage><lpage>293</lpage><history><date date-type="received"><day>15</day><month>7</month><year>2015</year></date></history><permissions><copyright-statement>© 2016 Hammill Institute on Disabilities</copyright-statement><copyright-year>2016</copyright-year><copyright-holder content-type="sage">SAGE Publications</copyright-holder></permissions><self-uri content-type="pdf" xlink:href="BD-14-12.1.pdf"/><abstract><p>Class-wide interventions have strong empirical support for improving behavior in general education classes but are rarely tested in special education classes. The present study examined the effects of the Class-wide Function-related Intervention Team (CW-FIT) program, a group contingency intervention, on the on-task behavior of six elementary school children with emotional and behavioral disorders (EBD) in a self-contained, urban classroom. Using an ABAB design with brief withdrawals of the independent variable, the class-wide component of CW-FIT was implemented during a 20-min reading and spelling period 1–3 days per week. Procedures included teaching attending skills, setting a goal and awarding points for appropriate behavior, and providing differential reinforcement. Implementing the class-wide component of CW-FIT resulted in increased on-task behavior for students with EBD, with concomitant increases in teacher praise and reductions in teacher reprimands.</p></abstract></article-meta></front><back><ref-list><title>References</title><ref id="bibr1-BD-14-12.1"><mixed-citation publication-type="journal"><name><surname>Caldarella</surname><given-names>P.</given-names></name>, <name><surname>Williams</surname><given-names>L.</given-names></name>, <name><surname>Hansen</surname><given-names>B. D.</given-names></name>, &amp; <name><surname>Wills</surname><given-names>H.</given-names></name> (<year>2015</year>). <article-title>Managing student behavior with class-wide function-related intervention teams: An observational study in early elementary classrooms.</article-title> <source>Early Childhood Education Journal</source> <volume>43</volume>, <fpage>357</fpage>–<lpage>365</lpage>. <pub-id pub-id-type="doi">doi:10.1007/s10643-014-0664-3</pub-id></mixed-citation></ref><ref id="bibr2-BD-14-12.1"><mixed-citation publication-type="book"><name><surname>Cullinan</surname><given-names>D.</given-names></name> (<year>2007</year>). <source>Students with emotional and behavioral disorders: An introduction for teachers and other helping professionals.</source> (<edition>2nd ed.</edition>). <publisher-loc>Upper Saddle River, NJ</publisher-loc>: <publisher-name>Pearson</publisher-name>.</mixed-citation></ref><ref id="bibr3-BD-14-12.1"><mixed-citation publication-type="journal"><name><surname>Doren</surname><given-names>B.</given-names></name>, <name><surname>Bullis</surname><given-names>M.</given-names></name>, &amp; <name><surname>Benz</surname><given-names>M. R.</given-names></name> (<year>1996</year>). <article-title>Predicting the arrest status of adolescents with disabilities in transition.</article-title> <source>Journal of Special Education</source> <volume>29</volume>, <fpage>363</fpage>–<lpage>380</lpage>.</mixed-citation></ref><ref id="bibr4-BD-14-12.1"><mixed-citation publication-type="journal"><name><surname>Elliott</surname><given-names>S. N.</given-names></name>, <name><surname>Turco</surname><given-names>L. T.</given-names></name>, &amp; <name><surname>Gresham</surname><given-names>F. M.</given-names></name> (<year>1987</year>). <article-title>Consumers’ and clients’ pretreatment acceptability ratings of classroom group contingencies.</article-title> <source>Journal of School Psychology</source> <volume>25</volume>, <fpage>145</fpage>–<lpage>153</lpage>. <pub-id pub-id-type="doi">doi:10.1177/002246699602900401</pub-id></mixed-citation></ref><ref id="bibr5-BD-14-12.1"><mixed-citation publication-type="journal"><name><surname>Hansen</surname><given-names>B. D.</given-names></name>, <name><surname>Wills</surname><given-names>H. P.</given-names></name>, <name><surname>Kamps</surname><given-names>D. M.</given-names></name>, &amp; <name><surname>Greenwood</surname><given-names>C. R.</given-names></name> (<year>2014</year>). <article-title>Effects of function-based self-management interventions on student behavior.</article-title> <source>Journal of Emotional and Behavioral Disorders</source> <volume>22</volume>, <fpage>149</fpage>–<lpage>159</lpage>. <pub-id pub-id-type="doi">doi:10.1016/0022-4405(87)90023-9</pub-id></mixed-citation></ref><ref id="bibr6-BD-14-12.1"><mixed-citation publication-type="journal"><name><surname>Kamps</surname><given-names>D.</given-names></name>, <name><surname>Conklin</surname><given-names>C.</given-names></name>, &amp; <name><surname>Wills</surname><given-names>H.</given-names></name> (<year>2015</year>). <article-title>Use of self-management with the CW-FIT Group Contingency Program.</article-title> <source>Education and Treatment of Children</source> <volume>38</volume>, <fpage>1</fpage>–<lpage>32</lpage>. <pub-id pub-id-type="doi">doi:10.1177/1098300714565244</pub-id></mixed-citation></ref><ref id="bibr7-BD-14-12.1"><mixed-citation publication-type="journal"><name><surname>Kamps</surname><given-names>D.</given-names></name>, <name><surname>Wendland</surname><given-names>M.</given-names></name>, &amp; <name><surname>Culpepper</surname><given-names>M.</given-names></name> (<year>2006</year>). <article-title>Functional assessment as a tool for designing interventions for students with behavioral risks in general education classrooms.</article-title> <source>Behavioral Disorders</source> <volume>31</volume>, <fpage>128</fpage>–<lpage>143</lpage>.</mixed-citation></ref><ref id="bibr8-BD-14-12.1"><mixed-citation publication-type="journal"><name><surname>Kamps</surname><given-names>D.</given-names></name>, <name><surname>Wills</surname><given-names>H.</given-names></name>, <name><surname>Bannister</surname><given-names>H.</given-names></name>, <name><surname>Heitzman-Powell</surname><given-names>L.</given-names></name>, <name><surname>Kottwitz</surname><given-names>E.</given-names></name>, <name><surname>Hansen</surname><given-names>B.</given-names></name>, &amp; <name><surname>Fleming</surname><given-names>K.</given-names></name> (<year>2015</year>). <article-title>Class-wide Function-Related Intervention Teams “CW-FIT” efficacy trial outcomes.</article-title> <source>Journal of Positive Behavior Intervention</source> <volume>17</volume>, <fpage>134</fpage>–<lpage>145</lpage>. <pub-id pub-id-type="doi">doi:1098300714565244</pub-id></mixed-citation></ref><ref id="bibr9-BD-14-12.1"><mixed-citation publication-type="journal"><name><surname>Kamps</surname><given-names>D.</given-names></name>, <name><surname>Wills</surname><given-names>H.</given-names></name>, <name><surname>Heitzman-Powell</surname><given-names>L.</given-names></name>, <name><surname>Laylin</surname><given-names>J.</given-names></name>, <name><surname>Szoke</surname><given-names>C.</given-names></name>, <name><surname>Hobohm</surname><given-names>T.</given-names></name>, &amp; <name><surname>Culey</surname><given-names>A.</given-names></name> (<year>2011</year>). <article-title>Class-wide Function-Related Intervention Teams: Effects of group contingency programs in urban classrooms.</article-title> <source>Journal of Positive Behavior Interventions</source> <volume>13</volume>, <fpage>154</fpage>–<lpage>167</lpage>. <pub-id pub-id-type="doi">doi:10.1177/1098300711398935</pub-id></mixed-citation></ref><ref id="bibr10-BD-14-12.1"><mixed-citation publication-type="book"><name><surname>Kauffman</surname><given-names>J. M.</given-names></name>, &amp; <name><surname>Landrum</surname><given-names>T.</given-names></name> (<year>2012</year>). <source>Characteristics of emotional and behavioral disorders of children and youth</source> (<edition>10th ed.</edition>). <publisher-loc>Upper Saddle River, NJ</publisher-loc>: <publisher-name>Prentice Hall</publisher-name>.</mixed-citation></ref><ref id="bibr11-BD-14-12.1"><mixed-citation publication-type="book"><name><surname>Kennedy</surname><given-names>C.</given-names></name> (<year>2005</year>). <source>Single-case designs for educational research.</source> <publisher-loc>Boston, MA</publisher-loc>: <publisher-name>Allyn &amp; Bacon.</publisher-name></mixed-citation></ref><ref id="bibr12-BD-14-12.1"><mixed-citation publication-type="journal"><name><surname>Kern</surname><given-names>L.</given-names></name>, &amp; <name><surname>Clemens</surname><given-names>N. H.</given-names></name> (<year>2007</year>). <article-title>Antecedent strategies to promote appropriate classroom behavior.</article-title> <source>Psychology in the Schools</source> <volume>44</volume>, <fpage>65</fpage>–<lpage>75</lpage>. <pub-id pub-id-type="doi">doi:10.1002/pits.20206</pub-id></mixed-citation></ref><ref id="bibr13-BD-14-12.1"><mixed-citation publication-type="journal"><name><surname>Kern</surname><given-names>L.</given-names></name>, <name><surname>Dunlap</surname><given-names>G.</given-names></name>, <name><surname>Childs</surname><given-names>K. E.</given-names></name>, &amp; <name><surname>Clarke</surname><given-names>S.</given-names></name> (<year>1994</year>). <article-title>Use of a classwide self-management program to improve the behavior of students with emotional and behavioral disorders.</article-title> <source>Education and Treatment of Children</source> <volume>17</volume>, <fpage>445</fpage>–<lpage>458</lpage>.</mixed-citation></ref><ref id="bibr14-BD-14-12.1"><mixed-citation publication-type="journal"><name><surname>Kelshaw-Levering</surname><given-names>K.</given-names></name>, <name><surname>Sterling-Turner</surname><given-names>H. E.</given-names></name>, <name><surname>Henry</surname><given-names>J. R.</given-names></name>, &amp; <name><surname>Skinner</surname><given-names>C. H.</given-names></name> (<year>2000</year>). <article-title>Randomized interdependent group contingencies: Group reinforcement with a twist.</article-title> <source>Psychology in the Schools</source> <volume>37</volume>, <fpage>523</fpage>–<lpage>533</lpage>. <pub-id pub-id-type="doi">doi:10.1002/1520-6807(200011)37:6&lt;523::AID-PITS5&gt;3.0.CO;2-W</pub-id></mixed-citation></ref><ref id="bibr15-BD-14-12.1"><mixed-citation publication-type="journal"><name><surname>King</surname><given-names>N. J.</given-names></name>, <name><surname>Heyne</surname><given-names>D.</given-names></name>, &amp; <name><surname>Ollendick</surname><given-names>T. H.</given-names></name> (<year>2005</year>). <article-title>Cognitive-behavioral interventions for anxiety and phobic disorders in children: A review.</article-title> <source>Behavioral Disorders</source> <volume>30</volume>, <fpage>241</fpage>–<lpage>257</lpage>.</mixed-citation></ref><ref id="bibr16-BD-14-12.1"><mixed-citation publication-type="journal"><name><surname>Litow</surname><given-names>L.</given-names></name>, &amp; <name><surname>Pumroy</surname><given-names>D. K.</given-names></name> (<year>1975</year>). <article-title>A brief review of classroom group-oriented contingencies.</article-title> <source>Journal of Applied Behavior Analysis</source> <volume>3</volume>, <fpage>341</fpage>–<lpage>347</lpage>. <pub-id pub-id-type="doi">doi:10.1901/jaba.1975.8-341</pub-id></mixed-citation></ref><ref id="bibr17-BD-14-12.1"><mixed-citation publication-type="journal"><name><surname>Maggin</surname><given-names>D.</given-names></name>, <name><surname>Chafouleas</surname><given-names>S.</given-names></name>, <name><surname>Goddard</surname><given-names>K.</given-names></name>, &amp; <name><surname>Johnson</surname><given-names>A.</given-names></name> (<year>2011</year>). <article-title>A systematic evaluation of token economies as a classroom management tool for students with challenging behavior.</article-title> <source>Journal of School Psychology</source> <volume>49</volume>, <fpage>529</fpage>–<lpage>554</lpage>. <pub-id pub-id-type="doi">doi:10.1016/j.jsp.2011.05.001</pub-id></mixed-citation></ref><ref id="bibr18-BD-14-12.1"><mixed-citation publication-type="journal"><name><surname>Maggin</surname><given-names>D.</given-names></name>, <name><surname>Johnson</surname><given-names>A.</given-names></name>, <name><surname>Chafouleas</surname><given-names>S.</given-names></name>, <name><surname>Ruberto</surname><given-names>L.</given-names></name>, <name><surname>Berggren</surname><given-names>M.</given-names></name> (<year>2012</year>). <article-title>A systematic evidence review of school-based group contingency interventions for students with challenging behavior.</article-title> <source>Journal of School Psychology</source> <volume>50</volume>, <fpage>625</fpage>–<lpage>654</lpage>. <pub-id pub-id-type="doi">doi:10.1016/j.jsp.2012.06.001</pub-id></mixed-citation></ref><ref id="bibr19-BD-14-12.1"><mixed-citation publication-type="journal"><name><surname>Payne</surname><given-names>L.</given-names></name>, <name><surname>Marks</surname><given-names>L. J.</given-names></name>, &amp; <name><surname>Bogan</surname><given-names>B. L.</given-names></name>, (<year>2007</year>). <article-title>Using curriculum-based assessment to address the academic and behavioral deficits of students with emotional and behavioral disorders.</article-title> <source>Beyond Behavior</source> <volume>16</volume>, <fpage>3</fpage>–<lpage>6</lpage>.</mixed-citation></ref><ref id="bibr20-BD-14-12.1"><mixed-citation publication-type="journal"><name><surname>Popkin</surname><given-names>J.</given-names></name>, &amp; <name><surname>Skinner</surname><given-names>C. H.</given-names></name> (<year>2003</year>). <article-title>Enhancing academic performance in a classroom serving students with serious emotional disturbance: interdependent group contingencies with randomly selected components,</article-title> <source>School Psychology Review</source> <volume>32</volume>, <fpage>282</fpage>–<lpage>295</lpage>.</mixed-citation></ref><ref id="bibr21-BD-14-12.1"><mixed-citation publication-type="journal"><name><surname>Shapiro</surname><given-names>E. S.</given-names></name>, &amp; <name><surname>Goldberg</surname><given-names>R.</given-names></name> (<year>1990</year>). <article-title>In vivo rating of treatment acceptability by children: Group size effects in group contingencies to improve spelling performance.</article-title> <source>Journal of School Psychology</source> <volume>28</volume>, <fpage>233</fpage>–<lpage>250</lpage>. <pub-id pub-id-type="doi">doi:10.1016/0022-4405(90)90014-X</pub-id></mixed-citation></ref><ref id="bibr22-BD-14-12.1"><mixed-citation publication-type="journal"><name><surname>Stage</surname><given-names>S. A.</given-names></name>, &amp; <name><surname>Quiroz</surname><given-names>D. R.</given-names></name> (<year>1997</year>). <article-title>A meta-analysis of interventions to decrease disruptive classroom behavior in public education settings.</article-title> <source>School Psychology Review</source> <volume>26</volume>, <fpage>333</fpage>–<lpage>368</lpage>.</mixed-citation></ref><ref id="bibr23-BD-14-12.1"><mixed-citation publication-type="journal"><name><surname>Theodore</surname><given-names>L. A.</given-names></name>, <name><surname>Bray</surname><given-names>M. B.</given-names></name>, &amp; <name><surname>Kehle</surname><given-names>T. J.</given-names></name> (<year>2004</year>). <article-title>A comparative study of group contingencies and randomized reinforcers to reduce disruptive classroom behaviors.</article-title> <source>School Psychology Quarterly</source> <volume>19</volume>, <fpage>253</fpage>–<lpage>271</lpage>. <pub-id pub-id-type="doi">doi:10.1521/scpq.19.3.253.40280</pub-id></mixed-citation></ref><ref id="bibr24-BD-14-12.1"><mixed-citation publication-type="journal"><name><surname>Theodore</surname><given-names>L.</given-names></name>, <name><surname>Bray</surname><given-names>M.</given-names></name>, <name><surname>Kehle</surname><given-names>T.</given-names></name>, &amp; <name><surname>DioGuardi</surname><given-names>R.</given-names></name> (<year>2003</year>). <article-title>Contemporary review of group-oriented contingencies for disruptive behavior.</article-title> <source>Journal of Applied School Psychology</source> <volume>20</volume>, <fpage>79</fpage>–<lpage>101</lpage>. <pub-id pub-id-type="doi">doi:10.1300/J370v20n01_06</pub-id></mixed-citation></ref><ref id="bibr25-BD-14-12.1"><mixed-citation publication-type="journal"><name><surname>Thorne</surname><given-names>S.</given-names></name>, &amp; <name><surname>Kamps</surname><given-names>D.</given-names></name> (<year>2008</year>). <article-title>The effects of a group contingency intervention of academic engagement and problem behavior reduction with at-risk students.</article-title> <source>Behavior Analysis in Practice</source> <volume>1</volume>(<issue>2</issue>), <fpage>12</fpage>–<lpage>18</lpage>.</mixed-citation></ref><ref id="bibr26-BD-14-12.1"><mixed-citation publication-type="journal"><name><surname>Tingstrom</surname><given-names>D. H.</given-names></name>, <name><surname>Sterling-Turner</surname><given-names>H. E.</given-names></name>, &amp; <name><surname>Wilczynski</surname><given-names>S. M.</given-names></name> (<year>2006</year>). <article-title>The good behavior game: 1969–2002.</article-title> <source>Behavior Modification</source> <volume>30</volume>, <fpage>225</fpage>–<lpage>253</lpage>. <pub-id pub-id-type="doi">doi:10.1177/0145445503261165</pub-id></mixed-citation></ref><ref id="bibr27-BD-14-12.1"><mixed-citation publication-type="book"><name><surname>Walker</surname><given-names>H. M.</given-names></name> (<year>1997</year>). <source>The acting out child: Coping with classroom disruption</source> (<edition>2nd ed.</edition>). <publisher-loc>Longmont, CO</publisher-loc>: <publisher-name>Sopris West.</publisher-name></mixed-citation></ref><ref id="bibr28-BD-14-12.1"><mixed-citation publication-type="journal"><name><surname>Wills</surname><given-names>H. P.</given-names></name>, <name><surname>Iwaszuk</surname><given-names>W. M.</given-names></name>, <name><surname>Kamps</surname><given-names>D.</given-names></name>, &amp; <name><surname>Shumate</surname><given-names>E.</given-names></name> (<year>2014</year>). <article-title>CW-FIT: Group contingency effects across the day.</article-title> <source>Education and Treatment of Children</source> <volume>37</volume>, <fpage>191</fpage>–<lpage>210</lpage>.</mixed-citation></ref><ref id="bibr29-BD-14-12.1"><mixed-citation publication-type="journal"><name><surname>Wills</surname><given-names>H.</given-names></name>, <name><surname>Kamps</surname><given-names>D.</given-names></name>, <name><surname>Fleming</surname><given-names>K.</given-names></name>, &amp; <name><surname>Hansen</surname><given-names>B.</given-names></name> (<year>2016</year>). <article-title>Student and teacher outcomes of the Class-wide Function-Related Intervention Team program.</article-title> <source>Exceptional Children.</source> <pub-id pub-id-type="doi">doi:10.1177/0014402916658658</pub-id></mixed-citation></ref><ref id="bibr30-BD-14-12.1"><mixed-citation publication-type="journal"><name><surname>Wills</surname><given-names>H. P.</given-names></name>, <name><surname>Kamps</surname><given-names>D.</given-names></name>, <name><surname>Hansen</surname><given-names>B. D.</given-names></name>, <name><surname>Conklin</surname><given-names>C.</given-names></name>, <name><surname>Bellinger</surname><given-names>S.</given-names></name>, <name><surname>Neaderhiser</surname><given-names>J.</given-names></name>, &amp; <name><surname>Nsubuga</surname><given-names>B.</given-names></name> (<year>2010</year>). <article-title>The Class-wide Function-based Intervention Team (CW-FIT) program.</article-title> <source>Preventing School Failure</source> <volume>54</volume>, <fpage>164</fpage>–<lpage>171</lpage>. <pub-id pub-id-type="doi">doi:10.1080/10459880903496230</pub-id></mixed-citation></ref><ref id="bibr31-BD-14-12.1"><mixed-citation publication-type="journal"><name><surname>Yarbrough</surname><given-names>J. L.</given-names></name>, <name><surname>Skinner</surname><given-names>C. H.</given-names></name>, <name><surname>Lee</surname><given-names>Y. J.</given-names></name>, &amp; <name><surname>Lemmons</surname><given-names>C.</given-names></name> (<year>2004</year>). <article-title>Decreasing transition times in a second grade classroom: Scientific support for the Timely Transition Game.</article-title> <source>Journal of Applied School Psychology</source> <volume>20</volume>, <fpage>85</fpage>–<lpage>107</lpage>. <pub-id pub-id-type="doi">doi:10.1300/J370v20n02_06</pub-id></mixed-citation></ref></ref-list></back></article>