<?xml version="1.0" encoding="UTF-8"?><!DOCTYPE article PUBLIC "-//NLM//DTD JATS (Z39.96) Journal Archiving and Interchange DTD v1.1d1 20130915//EN" "JATS-archivearticle1.dtd"><article article-type="research-article" dtd-version="1.1d1" xml:lang="en" xmlns:xlink="http://www.w3.org/1999/xlink"><front><journal-meta><journal-id journal-id-type="publisher-id">BHDA</journal-id><journal-id journal-id-type="sage">BHD</journal-id><journal-title-group><journal-title>Behavioral Disorders </journal-title></journal-title-group><issn pub-type="ppub">0198-7429</issn><issn pub-type="epub">2163-5307</issn><publisher><publisher-name>SAGE Publications</publisher-name><publisher-loc>Sage CA: Los Angeles, CA</publisher-loc></publisher></journal-meta><article-meta><article-id pub-id-type="doi">10.17988/BD-15-95.1</article-id><article-id pub-id-type="publisher-id">10.17988_BD-15-95.1</article-id><article-categories><subj-group subj-group-type="heading"><subject>Article</subject></subj-group></article-categories><title-group><article-title>Predicting Abandonment of School-wide Positive Behavioral Interventions and Supports</article-title></title-group><contrib-group><contrib contrib-type="author"><string-name><given-names>Rhonda</given-names> <surname>Nese</surname></string-name><xref ref-type="aff" rid="aff1-BD-15-95.1"/></contrib><x>, </x><contrib contrib-type="author"><string-name><given-names>Kent</given-names> <surname>McIntosh</surname></string-name><xref ref-type="aff" rid="aff1-BD-15-95.1"/></contrib><x>, </x><contrib contrib-type="author"><string-name><given-names>Joseph</given-names> <surname>Nese</surname></string-name><xref ref-type="aff" rid="aff1-BD-15-95.1"/></contrib><x>, </x><contrib contrib-type="author"><string-name><given-names>Robert</given-names> <surname>Hoselton</surname></string-name><xref ref-type="aff" rid="aff1-BD-15-95.1"/></contrib><x>, </x><contrib contrib-type="author"><string-name><given-names>Jerry</given-names> <surname>Bloom</surname></string-name><xref ref-type="aff" rid="aff2-BD-15-95.1"/></contrib><x>, </x><contrib contrib-type="author"><string-name><given-names>Nanci</given-names> <surname>Johnson</surname></string-name><xref ref-type="aff" rid="aff3-BD-15-95.1"/></contrib><x>, </x><contrib contrib-type="author"><string-name><given-names>Mary</given-names> <surname>Richter</surname></string-name><xref ref-type="aff" rid="aff3-BD-15-95.1"/></contrib><x>, </x><contrib contrib-type="author"><string-name><given-names>Danielle</given-names> <surname>Phillips</surname></string-name><xref ref-type="aff" rid="aff4-BD-15-95.1"/></contrib><x>, </x><contrib contrib-type="author"><string-name><given-names>Adam</given-names> <surname>Ghemraoui</surname></string-name><xref ref-type="aff" rid="aff5-BD-15-95.1"/></contrib></contrib-group><aff id="aff1-BD-15-95.1">University of Oregon</aff><aff id="aff2-BD-15-95.1">Sheppard-Pratt Health Systems</aff><aff id="aff3-BD-15-95.1">University of Missouri</aff><aff id="aff4-BD-15-95.1">Phillips Consulting, LLC</aff><aff id="aff5-BD-15-95.1">University of British Columbia</aff><author-notes><corresp id="corresp1-BD-15-95.1">1235 University of Oregon, Eugene, OR 97403; E-mail: <email xlink:href="rnese@uoregon.edu">rnese@uoregon.edu</email></corresp></author-notes><pub-date pub-type="epub-ppub"><month>11</month><year>2016</year></pub-date><volume>42</volume><issue>1</issue><fpage>261</fpage><lpage>270</lpage><history><date date-type="received"><day>24</day><month>6</month><year>2016</year></date></history><permissions><copyright-statement>© 2016 Hammill Institute on Disabilities</copyright-statement><copyright-year>2016</copyright-year><copyright-holder content-type="sage">SAGE Publications</copyright-holder></permissions><self-uri content-type="pdf" xlink:href="BD-15-95.1.pdf"/><abstract><p>This study examines predictors of abandonment of evidence-based practices through descriptive analyses of extant state-level training data, fidelity of implementation data, and nationally reported school demographic data across 915 schools in three states implementing school-wide positive behavioral interventions and supports (SWPBIS). Schools included in this study were tracked for a 5-year period after initial training, yet some elected to abandon SWPBIS at various times during implementation. Results showed that a small proportion of schools in the sample abandoned SWPBIS (7%). Logistic regression analysis identified school locale as the only statistically significant predictor of SWPBIS abandonment with schools located in cities being more likely to abandon. Results are discussed in terms of addressing types of schools at greater risk for abandonment and the importance of state-level training and coaching support.</p></abstract></article-meta></front><back><ref-list><title>References</title><ref id="bibr1-BD-15-95.1"><mixed-citation publication-type="journal"><name><surname>Andreou</surname><given-names>T. E.</given-names></name>, <name><surname>McIntosh</surname><given-names>K.</given-names></name>, <name><surname>Ross</surname><given-names>S. W.</given-names></name>, &amp; <name><surname>Kahn</surname><given-names>J. D.</given-names></name> (<year>2015</year>). <article-title>Critical incidents in the sustainability of school-wide positive behavioral interventions and supports.</article-title> <source>Journal of Special Education</source> <volume>49</volume>, <fpage>1</fpage>–<lpage>11</lpage>. <pub-id pub-id-type="doi">doi:10.1177/0022466914554298</pub-id></mixed-citation></ref><ref id="bibr2-BD-15-95.1"><mixed-citation publication-type="journal"><name><surname>Baker</surname><given-names>S.</given-names></name>, <name><surname>Gersten</surname><given-names>R.</given-names></name>, <name><surname>Dimino</surname><given-names>J. A.</given-names></name>, &amp; <name><surname>Griffiths</surname><given-names>R.</given-names></name> (<year>2004</year>). <article-title>The sustained use of research-based instructional practice: A case study of peer-assisted learning strategies in mathematics.</article-title> <source>Remedial and Special Education</source> <volume>25</volume>, <fpage>5</fpage>–<lpage>24</lpage>. <pub-id pub-id-type="doi">doi:10.1177/07419325040250010301</pub-id></mixed-citation></ref><ref id="bibr3-BD-15-95.1"><mixed-citation publication-type="journal"><name><surname>Barrett</surname><given-names>S. B.</given-names></name>, <name><surname>Bradshaw</surname><given-names>C.</given-names></name>, &amp; <name><surname>Lewis-Palmer</surname><given-names>T. L.</given-names></name> (<year>2008</year>). <article-title>Maryland statewide positive behavior interventions and supports initiative: Systems, evaluation, and next steps.</article-title> <source>Journal of Positive Behavior Interventions</source> <volume>10</volume>, <fpage>105</fpage>–<lpage>114</lpage>. <pub-id pub-id-type="doi">doi: 10.1177/1098300707312541</pub-id></mixed-citation></ref><ref id="bibr4-BD-15-95.1"><mixed-citation publication-type="journal"><name><surname>Bradshaw</surname><given-names>C. P.</given-names></name>, <name><surname>Mitchell</surname><given-names>M. M.</given-names></name>, &amp; <name><surname>Leaf</surname><given-names>P.J.</given-names></name> (<year>2010</year>). <article-title>Examining the effects of schoolwide positive behavioral interventions and supports on student outcomes: Results from a randomized controlled effectiveness trial in elementary schools.</article-title> <source>Journal of Positive Behavior Interventions</source> <volume>12</volume>, <fpage>133</fpage>–<lpage>148</lpage>. <pub-id pub-id-type="doi">doi:10.1177/1098300709334798</pub-id></mixed-citation></ref><ref id="bibr5-BD-15-95.1"><mixed-citation publication-type="journal"><name><surname>Bradshaw</surname><given-names>C. P.</given-names></name>, <name><surname>Waasdorp</surname><given-names>T. E.</given-names></name>, &amp; <name><surname>Leaf</surname><given-names>P.J.</given-names></name> (<year>2012</year>). <article-title>Effects of school-wide positive behavioral interventions and supports on child behavior problems and adjustment.</article-title> <source>Pediatrics</source> <volume>130</volume>, <fpage>e1136</fpage>–<lpage>e1145</lpage>. <pub-id pub-id-type="doi">doi:10.1542/peds.2012–0243</pub-id></mixed-citation></ref><ref id="bibr6-BD-15-95.1"><mixed-citation publication-type="journal"><name><surname>Coffey</surname><given-names>J.</given-names></name>, &amp; <name><surname>Horner</surname><given-names>R. H.</given-names></name> (<year>2012</year>). <article-title>The sustainability of school-wide positive behavioral interventions and supports.</article-title> <source>Exceptional Children</source> <volume>78</volume>, <fpage>407</fpage>–<lpage>422</lpage>. <pub-id pub-id-type="doi">doi:10.1177/001440291207800402</pub-id></mixed-citation></ref><ref id="bibr7-BD-15-95.1"><mixed-citation publication-type="journal"><name><surname>Cohen</surname><given-names>R.</given-names></name>, <name><surname>Kincaid</surname><given-names>D.</given-names></name>, &amp; <name><surname>Childs</surname><given-names>K. E.</given-names></name> (<year>2007</year>). <article-title>Measuring school-wide positive behavior support implementation: Development and validation of the benchmarks of quality.</article-title> <source>Journal of Positive Behavior Interventions</source> <volume>9</volume>, <fpage>203</fpage>–<lpage>213</lpage>. <pub-id pub-id-type="doi">doi:10.1177/10983007070090040301</pub-id></mixed-citation></ref><ref id="bibr8-BD-15-95.1"><mixed-citation publication-type="journal"><name><surname>Domitrovich</surname><given-names>C. E.</given-names></name>, <name><surname>Bradshaw</surname><given-names>C. P.</given-names></name>, <name><surname>Poduska</surname><given-names>J. M.</given-names></name>, <name><surname>Hoagwood</surname><given-names>K.</given-names></name>, <name><surname>Buckley</surname><given-names>J. A.</given-names></name>, <name><surname>Olin</surname><given-names>S.</given-names></name>, … <name><surname>Ialongo</surname><given-names>N. S.</given-names></name> (<year>2008</year>). <article-title>Maximizing the implementation quality of evidence-based preventive interventions in schools: A conceptual framework.</article-title> <source>Advances in School Mental Health Promotion</source> <volume>1</volume>, <fpage>6</fpage>–<lpage>28</lpage>. <pub-id pub-id-type="doi">doi:http://dx.doi.org/10.1080/1754730X.2008.9715730</pub-id></mixed-citation></ref><ref id="bibr9-BD-15-95.1"><mixed-citation publication-type="book"><name><surname>Fixsen</surname><given-names>D. L.</given-names></name>, <name><surname>Blase</surname><given-names>K. A.</given-names></name>, <name><surname>Duda</surname><given-names>M. A.</given-names></name>, <name><surname>Naoom</surname><given-names>S. F.</given-names></name>, &amp; <name><surname>Van Dyke</surname><given-names>M.</given-names></name> (<year>2010</year>). <chapter-title>Implementation of evidence-based treatments for children and adolescents.</chapter-title> In <name><surname>Weisz</surname><given-names>J. R.</given-names></name>, &amp; <name><surname>Kazdin</surname><given-names>A. E.</given-names></name> (Eds.), <source>Evidence-based psychotherapies for children and adolescents</source> (pp. <fpage>435</fpage>–<lpage>450</lpage>). <publisher-loc>New York</publisher-loc>: <publisher-name>Guilford.</publisher-name></mixed-citation></ref><ref id="bibr10-BD-15-95.1"><mixed-citation publication-type="book"><name><surname>Fixsen</surname><given-names>D. L.</given-names></name>, <name><surname>Naoom</surname><given-names>S. F.</given-names></name>, <name><surname>Blase</surname><given-names>K. A.</given-names></name>, <name><surname>Friedman</surname><given-names>R. M.</given-names></name>, &amp; <name><surname>Wallace</surname><given-names>F.</given-names></name> (<year>2005</year>). <source>Implementation research: Synthesis of the literature.</source> <publisher-loc>Tampa, FL</publisher-loc>: <publisher-name>University of South Florida, Louis de la Parte Florida Mental Health Institute, The National Implementation Research Network (FMHI Publication #231).</publisher-name></mixed-citation></ref><ref id="bibr11-BD-15-95.1"><mixed-citation publication-type="journal"><name><surname>Fuchs</surname><given-names>D.</given-names></name>, <name><surname>Fuchs</surname><given-names>L. S.</given-names></name>, <name><surname>Harris</surname><given-names>A. H.</given-names></name>, &amp; <name><surname>Roberts</surname><given-names>P. H.</given-names></name> (<year>1996</year>). <article-title>Bridging the research-to-practice gap with mainstream assistance teams: A cautionary tale.</article-title> <source>School Psychology Quarterly</source> <volume>11</volume>, <fpage>244</fpage>–<lpage>266</lpage>. <pub-id pub-id-type="doi">doi: 10.1037/h0088932</pub-id></mixed-citation></ref><ref id="bibr12-BD-15-95.1"><mixed-citation publication-type="journal"><name><surname>Gersten</surname><given-names>R.</given-names></name>, <name><surname>Chard</surname><given-names>D.J.</given-names></name>, &amp; <name><surname>Baker</surname><given-names>S.</given-names></name> (<year>2000</year>). <article-title>Factors enhancing sustained use of research-based instructional practices.</article-title> <source>Journal of learning Disabilities</source> <volume>33</volume>, <fpage>445</fpage>–<lpage>457</lpage>. <pub-id pub-id-type="doi">doi:10.1177/002221940003300505</pub-id></mixed-citation></ref><ref id="bibr13-BD-15-95.1"><mixed-citation publication-type="journal"><name><surname>Goldhaber</surname><given-names>D.</given-names></name>, <name><surname>Lavery</surname><given-names>L.</given-names></name>, &amp; <name><surname>Theobald</surname><given-names>R.</given-names></name> (<year>2015</year>). <article-title>Uneven playing field? Assessing the teacher quality gap between advantaged and disadvantaged students.</article-title> <source>Educational Researcher</source> <volume>44</volume>, <fpage>293</fpage>–<lpage>307</lpage>. <pub-id pub-id-type="doi">doi:10.3102/0013189x15592622</pub-id></mixed-citation></ref><ref id="bibr14-BD-15-95.1"><mixed-citation publication-type="journal"><name><surname>Han</surname><given-names>S.S.</given-names></name>, &amp; <name><surname>Weiss</surname><given-names>B.</given-names></name> (<year>2005</year>). <article-title>Sustainability of teacher implementation of school-based mental health programs.</article-title> <source>Journal of Abnormal Child Psychology</source> <volume>33</volume>, <fpage>665</fpage>–<lpage>679</lpage>. <pub-id pub-id-type="doi">doi:10.1007/s10802-005-7646-2</pub-id></mixed-citation></ref><ref id="bibr15-BD-15-95.1"><mixed-citation publication-type="journal"><name><surname>Horner</surname><given-names>R. H.</given-names></name>, <name><surname>Kincaid</surname><given-names>D.</given-names></name>, <name><surname>Sugai</surname><given-names>G.</given-names></name>, <name><surname>Lewis</surname><given-names>T.</given-names></name>, <name><surname>Eber</surname><given-names>L.</given-names></name>, <name><surname>Barrett</surname><given-names>S.</given-names></name>, … <name><surname>Johnson</surname><given-names>N.</given-names></name> (<year>2014</year>). <article-title>Scaling up school-wide positive behavioral interventions and supports: Experiences of seven states with documented success.</article-title> <source>Journal of Positive Behavior Interventions</source> <volume>16</volume>, <fpage>197</fpage>–<lpage>208</lpage>. <pub-id pub-id-type="doi">doi:10.1177/1098300713503685</pub-id></mixed-citation></ref><ref id="bibr16-BD-15-95.1"><mixed-citation publication-type="journal"><name><surname>Horner</surname><given-names>R. H.</given-names></name>, <name><surname>Sugai</surname><given-names>G.</given-names></name>, <name><surname>Smolkowski</surname><given-names>K.</given-names></name>, <name><surname>Eber</surname><given-names>L.</given-names></name>, <name><surname>Nakasato</surname><given-names>J.</given-names></name>, <name><surname>Todd</surname><given-names>A. W.</given-names></name>, &amp; <name><surname>Esparanza</surname><given-names>J.</given-names></name> (<year>2009</year>). <article-title>A randomized, wait-list controlled effectiveness trial assessing school-wide positive behavior support in elementary schools.</article-title> <source>Journal of Positive Behavior Interventions</source> <volume>11</volume>, <fpage>133</fpage>–<lpage>144</lpage>. <pub-id pub-id-type="doi">doi:10.1177/1098300709332067</pub-id></mixed-citation></ref><ref id="bibr17-BD-15-95.1"><mixed-citation publication-type="journal"><name><surname>Horner</surname><given-names>R. H.</given-names></name>, <name><surname>Todd</surname><given-names>A. W.</given-names></name>, <name><surname>Lewis-Palmer</surname><given-names>T.</given-names></name>, <name><surname>Irvin</surname><given-names>L. K.</given-names></name>, <name><surname>Sugai</surname><given-names>G.</given-names></name>, &amp; <name><surname>Boland</surname><given-names>J. B.</given-names></name> (<year>2004</year>). <article-title>The school-wide evaluation tool (SET): A research instrument for assessing school-wide positive behavior support.</article-title> <source>Journal of Positive Behavior Interventions</source> <volume>6</volume>, <fpage>3</fpage>–<lpage>12</lpage>. <pub-id pub-id-type="doi">doi:10.1177/10983007040060010201</pub-id></mixed-citation></ref><ref id="bibr18-BD-15-95.1"><mixed-citation publication-type="journal"><name><surname>Kincaid</surname><given-names>D.</given-names></name>, <name><surname>Childs</surname><given-names>K.</given-names></name>, <name><surname>Blase</surname><given-names>K. A.</given-names></name>, &amp; <name><surname>Wallace</surname><given-names>F.</given-names></name> (<year>2007</year>). <article-title>Identifying barriers and facilitators in implementing schoolwide positive behavior support.</article-title> <source>Journal of Positive Behavior Interventions</source> <volume>9</volume>, <fpage>174</fpage>–<lpage>184</lpage>. <pub-id pub-id-type="doi">doi:10.1177/10983007070090030501</pub-id></mixed-citation></ref><ref id="bibr19-BD-15-95.1"><mixed-citation publication-type="book"><name><surname>Kincaid</surname><given-names>D.</given-names></name>, <name><surname>Childs</surname><given-names>K.</given-names></name>, &amp; <name><surname>George</surname><given-names>H.</given-names></name> (<year>2005</year>). <source>School-wide benchmarks of quality.</source> Unpublished instrument, <publisher-name>University of South Florida</publisher-name>.</mixed-citation></ref><ref id="bibr20-BD-15-95.1"><mixed-citation publication-type="journal"><name><surname>Klingner</surname><given-names>J. K.</given-names></name>, <name><surname>Boardman</surname><given-names>A. G.</given-names></name>, &amp; <name><surname>McMaster</surname><given-names>K. L.</given-names></name> (<year>2013</year>). <article-title>What does it take to scale up and sustain evidence-based practices?</article-title> <source>Exceptional Children</source> <volume>79</volume>, <fpage>195</fpage>–<lpage>211</lpage>. <pub-id pub-id-type="doi">doi:10.1177/001440291307900205</pub-id></mixed-citation></ref><ref id="bibr21-BD-15-95.1"><mixed-citation publication-type="journal"><name><surname>Latham</surname><given-names>G.</given-names></name> (<year>1988</year>). <article-title>The birth and death cycles of educational innovations.</article-title> <source>Principal</source> <volume>68</volume>, <fpage>41</fpage>–<lpage>43</lpage>.</mixed-citation></ref><ref id="bibr22-BD-15-95.1"><mixed-citation publication-type="journal"><name><surname>Lohrmann</surname><given-names>S.</given-names></name>, <name><surname>Forman</surname><given-names>S.</given-names></name>, <name><surname>Martin</surname><given-names>S.</given-names></name>, &amp; <name><surname>Palmieri</surname><given-names>M.</given-names></name> (<year>2008</year>). <article-title>Understanding school personnel's resistance to adopting schoolwide positive behavior support at a universal level of intervention.</article-title> <source>Journal of Positive Behavior Interventions</source> <volume>10</volume>, <fpage>256</fpage>–<lpage>269</lpage>. <pub-id pub-id-type="doi">doi:10.1177/1098300708318963</pub-id></mixed-citation></ref><ref id="bibr23-BD-15-95.1"><mixed-citation publication-type="other"><name><surname>Lohrmann</surname><given-names>S.</given-names></name>, &amp; <name><surname>Davis</surname><given-names>B.</given-names></name> (<year>2014</year>, May). <source>Examples of implementing PBIS in urban settings.</source> Paper presented at the 2014 Northeast PBIS Conference, Mystic, CT.</mixed-citation></ref><ref id="bibr24-BD-15-95.1"><mixed-citation publication-type="journal"><name><surname>McIntosh</surname><given-names>K.</given-names></name>, <name><surname>Filter</surname><given-names>K. J.</given-names></name>, <name><surname>Bennett</surname><given-names>J. L.</given-names></name>, <name><surname>Ryan</surname><given-names>C.</given-names></name>, &amp; <name><surname>Sugai</surname><given-names>G.</given-names></name> (<year>2010</year>). <article-title>Principles of sustainable prevention: Designing scale-up of school-wide positive behavior support to promote durable systems.</article-title> <source>Psychology in the Schools</source> <volume>47</volume>, <fpage>5</fpage>–<lpage>21</lpage>. <pub-id pub-id-type="doi">doi:10.1002/pits.20448</pub-id></mixed-citation></ref><ref id="bibr25-BD-15-95.1"><mixed-citation publication-type="journal"><name><surname>McIntosh</surname><given-names>K.</given-names></name>, <name><surname>Kim</surname><given-names>J.</given-names></name>, <name><surname>Mercer</surname><given-names>S. H.</given-names></name>, <name><surname>Strickland-Cohen</surname><given-names>M. K.</given-names></name>, &amp; <name><surname>Horner</surname><given-names>R. H.</given-names></name> (<year>2015</year>). <article-title>Variables associated with enhanced sustainability of school-wide positive behavioral interventions and supports.</article-title> <source>Assessment for Effective Intervention</source> <volume>40</volume>, <fpage>184</fpage>–<lpage>191</lpage>. <pub-id pub-id-type="doi">doi:10.1177/1534508414556503</pub-id></mixed-citation></ref><ref id="bibr26-BD-15-95.1"><mixed-citation publication-type="journal"><name><surname>McIntosh</surname><given-names>K.</given-names></name>, <name><surname>Mercer</surname><given-names>S. H.</given-names></name>, <name><surname>Hume</surname><given-names>A. E.</given-names></name>, <name><surname>Frank</surname><given-names>J. L.</given-names></name>, <name><surname>Turri</surname><given-names>M. G.</given-names></name>, &amp; <name><surname>Mathews</surname><given-names>S.</given-names></name> (<year>2013</year>). <article-title>Factors related to sustained implementation of schoolwide positive behavior support.</article-title> <source>Exceptional Children</source> <volume>79</volume>, <fpage>293</fpage>–<lpage>311</lpage>.</mixed-citation></ref><ref id="bibr27-BD-15-95.1"><mixed-citation publication-type="journal"><name><surname>McIntosh</surname><given-names>K.</given-names></name>, <name><surname>Mercer</surname><given-names>S. H.</given-names></name>, <name><surname>Nese</surname><given-names>R. N. T.</given-names></name>, <name><surname>Strickland-Cohen</surname><given-names>M. K.</given-names></name>, &amp; <name><surname>Hoselton</surname><given-names>R.</given-names></name> (in press). <article-title>Predictors of sustained implementation of school-wide positive behavioral interventions and supports.</article-title> <source>Journal of Positive Behavior Interventions.</source> <pub-id pub-id-type="doi">doi: http://dx.doi.org/10.1177/1098300715599737</pub-id></mixed-citation></ref><ref id="bibr28-BD-15-95.1"><mixed-citation publication-type="journal"><name><surname>Nelson</surname><given-names>J. R.</given-names></name> (<year>1996</year>). <article-title>Designing schools to meet the needs of students who exhibit disruptive behavior.</article-title> <source>Journal of Emotional and Behavioral Disorders</source> <volume>4</volume>, <fpage>147</fpage>–<lpage>161</lpage>. <pub-id pub-id-type="doi">doi:10.1177/106342669600400302</pub-id></mixed-citation></ref><ref id="bibr29-BD-15-95.1"><mixed-citation publication-type="journal"><name><surname>Payne</surname><given-names>A. A.</given-names></name> (<year>2009</year>). <article-title>Do predictors of the implementation quality of school-based prevention programs differ by program type?</article-title> <source>Prevention Science</source> <volume>10</volume>, <fpage>151</fpage>–<lpage>167</lpage>. <pub-id pub-id-type="doi">doi:10.1007/s11121-008-0117-6</pub-id></mixed-citation></ref><ref id="bibr30-BD-15-95.1"><mixed-citation publication-type="book"><name><surname>Rogers</surname><given-names>E.</given-names></name> (<year>2003</year>). <source>Diffusion of innovations</source> (<edition>5th ed.</edition>). New <publisher-loc>York</publisher-loc>: <publisher-name>The Free Press</publisher-name>.</mixed-citation></ref><ref id="bibr31-BD-15-95.1"><mixed-citation publication-type="journal"><name><surname>Safran</surname><given-names>S. P.</given-names></name> (<year>2006</year>). <article-title>Using the effective behavior supports survey to guide development of schoolwide positive behavior support.</article-title> <source>Journal of Positive Behavior Interventions</source> <volume>8</volume>, <fpage>3</fpage>–<lpage>9</lpage>. <pub-id pub-id-type="doi">doi:10.1177/10983007060080010201</pub-id></mixed-citation></ref><ref id="bibr32-BD-15-95.1"><mixed-citation publication-type="journal"><name><surname>Santangelo</surname><given-names>T.</given-names></name> (<year>2009</year>). <article-title>Collaborative problem solving effectively implemented, but not sustained: A case study for aligning the sun, the moon, and the stars.</article-title> <source>Exceptional Children</source> <volume>75</volume>, <fpage>185</fpage>–<lpage>209</lpage>. <pub-id pub-id-type="doi">doi:10.1177/001440290907500204</pub-id></mixed-citation></ref><ref id="bibr33-BD-15-95.1"><mixed-citation publication-type="journal"><name><surname>Scott</surname><given-names>T. M.</given-names></name>, &amp; <name><surname>Barrett</surname><given-names>S. B.</given-names></name> (<year>2004</year>). <article-title>Using staff and student time engaged in disciplinary procedures to evaluate the impact of school-wide PBS.</article-title> <source>Journal of Positive Behavior Interventions</source> <volume>6</volume>, <fpage>21</fpage>–<lpage>27</lpage>. <pub-id pub-id-type="doi">doi:10.1177/10983007040060010401</pub-id></mixed-citation></ref><ref id="bibr34-BD-15-95.1"><mixed-citation publication-type="journal"><name><surname>Sindelar</surname><given-names>P. T.</given-names></name>, <name><surname>Shearer</surname><given-names>D. K.</given-names></name>, <name><surname>Yendol-Hoppey</surname><given-names>D.</given-names></name>, &amp; <name><surname>Liebert</surname><given-names>T. W.</given-names></name> (<year>2006</year>). <article-title>The sustainability of inclusive school reform.</article-title> <source>Exceptional Children</source> <volume>72</volume>, <fpage>317</fpage>–<lpage>331</lpage>. <pub-id pub-id-type="doi">doi:10.1177/001440290607200304</pub-id></mixed-citation></ref><ref id="bibr35-BD-15-95.1"><mixed-citation publication-type="journal"><name><surname>Spira</surname><given-names>E. G.</given-names></name>, <name><surname>Bracken</surname><given-names>S. S.</given-names></name>, &amp; <name><surname>Fischel</surname><given-names>J. E.</given-names></name> (<year>2005</year>). <article-title>Predicting improvement after first-grade reading difficulties: The effects of oral language, emergent literacy, and behavior skills.</article-title> <source>Developmental Psychology</source> <volume>41</volume>, <fpage>225</fpage>–<lpage>234</lpage>. <pub-id pub-id-type="doi">doi:10.1037/0012-1649.41.1.225</pub-id></mixed-citation></ref><ref id="bibr36-BD-15-95.1"><mixed-citation publication-type="book"><name><surname>Sugai</surname><given-names>G.</given-names></name>, &amp; <name><surname>Horner</surname><given-names>R. H.</given-names></name> (<year>2009</year>). <chapter-title>Defining and describing schoolwide positive behavior support.</chapter-title> In <name><surname>Sailor</surname><given-names>W.</given-names></name>, <name><surname>Dunlap</surname><given-names>G.</given-names></name>, <name><surname>Sugai</surname><given-names>G.</given-names></name>, &amp; <name><surname>Horner</surname><given-names>R. H.</given-names></name> (Eds.), <source>Handbook of positive behavior support</source> (pp. <fpage>307</fpage>–<lpage>326</lpage>). <publisher-loc>New York</publisher-loc>: <publisher-name>Springer.</publisher-name></mixed-citation></ref><ref id="bibr37-BD-15-95.1"><mixed-citation publication-type="book"><name><surname>Sugai</surname><given-names>G.</given-names></name>, <name><surname>Horner</surname><given-names>R. H.</given-names></name>, <name><surname>Algozzine</surname><given-names>R.</given-names></name>, <name><surname>Barrett</surname><given-names>S.</given-names></name>, <name><surname>Lewis</surname><given-names>T.</given-names></name>, <name><surname>Anderson</surname><given-names>C.</given-names></name>, … <name><surname>Simonsen</surname><given-names>B.</given-names></name> (<year>2010</year>). <source>School-wide positive behavior support: Implementation blueprint and self-assessment</source> (<edition>2nd ed.</edition>). <publisher-loc>Eugene, OR</publisher-loc>: <publisher-name>University of Oregon</publisher-name>. Retrieved from <ext-link ext-link-type="uri" xlink:href="http://pbis.org/pbis_resource_detail_page.aspx?Type=3&amp;PBIS_ResourceID=216">http://pbis.org/pbis_resource_detail_page.aspx?Type=3&amp;PBIS_ResourceID=216</ext-link></mixed-citation></ref><ref id="bibr38-BD-15-95.1"><mixed-citation publication-type="book"><name><surname>Sugai</surname><given-names>G.</given-names></name>, <name><surname>Horner</surname><given-names>R. H.</given-names></name>, &amp; <name><surname>Lewis-Palmer</surname><given-names>T. L.</given-names></name> (<year>2001</year>). <source>Team Implementation Checklist (TIC).</source> <publisher-loc>Eugene, OR</publisher-loc>: <publisher-name>Educational and Community Supports</publisher-name>. Retrieved from <ext-link ext-link-type="uri" xlink:href="http://www.pbis.org">http://www.pbis.org</ext-link></mixed-citation></ref><ref id="bibr39-BD-15-95.1"><mixed-citation publication-type="book"><name><surname>Sugai</surname><given-names>G.</given-names></name>, <name><surname>Horner</surname><given-names>R. H.</given-names></name>, &amp; <name><surname>Todd</surname><given-names>A. W.</given-names></name> (<year>2000</year>). <source>Effective Behavior Support Self-Assessment Survey 2.0.</source> <publisher-loc>Eugene, OR</publisher-loc>: <publisher-name>Educational and Community Supports</publisher-name>. Retrieved from <ext-link ext-link-type="uri" xlink:href="http://www.pbis.org">http://www.pbis.org</ext-link></mixed-citation></ref><ref id="bibr40-BD-15-95.1"><mixed-citation publication-type="book"><name><surname>Sugai</surname><given-names>G.</given-names></name>, <name><surname>Lewis-Palmer</surname><given-names>T. L.</given-names></name>, <name><surname>Todd</surname><given-names>A. W.</given-names></name>, &amp; <name><surname>Horner</surname><given-names>R. H.</given-names></name> (<year>2001</year>). <source>School-wide Evaluation Tool (SET).</source> <publisher-loc>Eugene, OR</publisher-loc>: <publisher-name>Educational and Community Supports</publisher-name>. Retrieved from <ext-link ext-link-type="uri" xlink:href="http://www.pbis.org">http://www.pbis.org</ext-link></mixed-citation></ref><ref id="bibr41-BD-15-95.1"><mixed-citation publication-type="journal"><name><surname>Tobin</surname><given-names>T.</given-names></name>, <name><surname>Vincent</surname><given-names>C. G.</given-names></name>, <name><surname>Horner</surname><given-names>R. H.</given-names></name>, <name><surname>Dickey</surname><given-names>C. R.</given-names></name>, &amp; <name><surname>May</surname><given-names>S. A.</given-names></name> (<year>2012</year>). <article-title>Fidelity measures to improve implementation of positive behavioural support.</article-title> <source>International Journal of Positive Behaviour Support</source> <volume>2</volume>, <fpage>12</fpage>–<lpage>19</lpage>.</mixed-citation></ref><ref id="bibr42-BD-15-95.1"><mixed-citation publication-type="book"><name><surname>Tyack</surname><given-names>D. B.</given-names></name>, &amp; <name><surname>Cuban</surname><given-names>L.</given-names></name> (<year>1995</year>). <source>Tinkering toward Utopia: A century of public school reform.</source> <publisher-loc>Cambridge, MA</publisher-loc>: <publisher-name>Harvard University Press.</publisher-name></mixed-citation></ref><ref id="bibr43-BD-15-95.1"><mixed-citation publication-type="journal"><name><surname>Waasdorp</surname><given-names>T. E.</given-names></name>, <name><surname>Bradshaw</surname><given-names>C. P.</given-names></name>, &amp; <name><surname>Leaf</surname><given-names>P.J.</given-names></name> (<year>2012</year>). <article-title>The impact of schoolwide positive behavioral interventions and supports on bullying and peer rejection.</article-title> <source>Archives of Pediatics &amp; Adolescent Medicine</source> <volume>166</volume>, <fpage>149</fpage>–<lpage>156</lpage>. <pub-id pub-id-type="doi">doi:10.1037/a0012883</pub-id></mixed-citation></ref></ref-list></back></article>