<?xml version="1.0" encoding="UTF-8"?>
<!DOCTYPE issue-xml
PUBLIC "-//Atypon//DTD Atypon JATS Journal Archiving and Interchange Issue XML DTD v1.0 20120831//EN"
"JATS-1.0/Atypon-Issue-Xml.dtd">
<issue-xml><journal-meta><journal-id journal-id-type="publisher-id">AIPA</journal-id><journal-title-group><journal-title>AADE in Practice</journal-title></journal-title-group><issn pub-type="ppub">2325-1603</issn><issn pub-type="epub">2325-1611</issn><publisher><publisher-name>SAGE Publications</publisher-name></publisher></journal-meta><issue-meta issue-type="normal"><pub-date pub-type="epub-ppub"><month>5</month><year>2018</year></pub-date><volume>6</volume><issue>3</issue><issue-id pub-id-type="doi">10.1177/AIPA_6_3</issue-id></issue-meta><toc toc-type="page-order"><issue-subject-group><issue-subject-title><subject>From Our Readers</subject></issue-subject-title><issue-article-meta><article-id pub-id-type="doi">10.1177/2325160318775747</article-id></issue-article-meta></issue-subject-group><issue-subject-group><issue-subject-title><subject>From the Editor</subject></issue-subject-title><issue-article-meta><article-id pub-id-type="doi">10.1177/2325160318768543</article-id></issue-article-meta></issue-subject-group><issue-subject-group><issue-subject-title><subject>From the President</subject></issue-subject-title><issue-article-meta><article-id pub-id-type="doi">10.1177/2325160318765748</article-id></issue-article-meta></issue-subject-group><issue-subject-group><issue-subject-title><subject>Features</subject></issue-subject-title><issue-article-meta><article-id pub-id-type="doi">10.1177/2325160318764464</article-id></issue-article-meta><issue-article-meta><article-id pub-id-type="doi">10.1177/2325160318763322</article-id></issue-article-meta><issue-article-meta><article-id pub-id-type="doi">10.1177/2325160318767140</article-id></issue-article-meta></issue-subject-group><issue-subject-group><issue-subject-title><subject>Departments</subject></issue-subject-title><issue-subject-group><issue-subject-title><subject>Mind Sights</subject></issue-subject-title><issue-article-meta><article-id pub-id-type="doi">10.1177/2325160318768210</article-id></issue-article-meta></issue-subject-group><issue-subject-group><issue-subject-title><subject>Capsules</subject></issue-subject-title><issue-article-meta><article-id pub-id-type="doi">10.1177/2325160318762127</article-id></issue-article-meta></issue-subject-group></issue-subject-group><issue-subject-group><issue-subject-title><subject>Columns</subject></issue-subject-title><issue-subject-group><issue-subject-title><subject>Did You Know</subject></issue-subject-title><issue-article-meta><article-id pub-id-type="doi">10.1177/2325160318764462</article-id></issue-article-meta></issue-subject-group><issue-subject-group><issue-subject-title><subject>Practice Pearl</subject></issue-subject-title><issue-article-meta><article-id pub-id-type="doi">10.1177/2325160318768214</article-id></issue-article-meta><issue-article-meta><article-id pub-id-type="doi">10.1177/2325160318764336</article-id></issue-article-meta></issue-subject-group><issue-subject-group><issue-subject-title><subject>Tech Insights</subject></issue-subject-title><issue-article-meta><article-id pub-id-type="doi">10.1177/2325160318764883</article-id></issue-article-meta></issue-subject-group><issue-subject-group><issue-subject-title><subject>Catching Up With Communities of Interest</subject></issue-subject-title><issue-article-meta><article-id pub-id-type="doi">10.1177/2325160318763170</article-id></issue-article-meta></issue-subject-group><issue-subject-group><issue-subject-title><subject>Test Your Knowledge</subject></issue-subject-title><issue-article-meta><article-id pub-id-type="doi">10.1177/2325160318766022</article-id></issue-article-meta></issue-subject-group><issue-subject-group><issue-subject-title><subject>Reflections</subject></issue-subject-title><issue-article-meta><article-id pub-id-type="doi">10.1177/2325160318764407</article-id></issue-article-meta></issue-subject-group></issue-subject-group><issue-subject-group><issue-subject-title><subject>News &amp; Events</subject></issue-subject-title><issue-article-meta><article-id pub-id-type="doi">10.1177/2325160318766020</article-id></issue-article-meta></issue-subject-group></toc></issue-xml>