<?xml version="1.0" encoding="UTF-8"?><!DOCTYPE article PUBLIC "-//NLM//DTD JATS (Z39.96) Journal Archiving and Interchange DTD v1.1d1 20130915//EN" "JATS-archivearticle1.dtd"><article article-type="other" dtd-version="1.1d1" xml:lang="en" xmlns:xlink="http://www.w3.org/1999/xlink"><front><journal-meta><journal-id journal-id-type="publisher-id">AIPA</journal-id><journal-id journal-id-type="sage">AIP</journal-id><journal-title-group><journal-title>AADE in Practice</journal-title></journal-title-group><issn pub-type="ppub">2325-1603</issn><issn pub-type="epub">2325-1611</issn><publisher><publisher-name>SAGE Publications</publisher-name><publisher-loc>Sage CA: Los Angeles, CA</publisher-loc></publisher></journal-meta><article-meta><article-id pub-id-type="doi">10.1177/2325160318764464</article-id><article-id pub-id-type="publisher-id">10.1177_2325160318764464</article-id><article-categories><subj-group subj-group-type="heading"><subject>Features</subject></subj-group></article-categories><title-group><article-title>The Role of the Diabetes Educator in Diabetes Formulary and Medical Device Decisions</article-title></title-group><contrib-group><contrib contrib-type="author"><string-name><given-names>Jennifer N.</given-names> <surname>Clements</surname></string-name><x>, </x><degrees>PharmD, FCCP, BCPS, CDE, BCACP</degrees></contrib><x>, </x><contrib contrib-type="author"><string-name><given-names>Carla</given-names> <surname>Cox</surname></string-name><x>, </x><degrees>PhD, RD, CDE, FAADE</degrees></contrib><x>, </x><contrib contrib-type="author"><string-name><given-names>Samuel</given-names> <surname>Grossman</surname></string-name><x>, </x><degrees>BS Pharm, RPh, PharmD</degrees></contrib><x>, </x><contrib contrib-type="author"><string-name><given-names>Diana</given-names> <surname>Isaacs</surname></string-name><x>, </x><degrees>PharmD, BCPS, BC-ADM, CDE</degrees></contrib><x>, </x><contrib contrib-type="author"><contrib-id contrib-id-type="orcid">https://orcid.org/0000-0002-1619-8918</contrib-id><string-name><given-names>Kellie</given-names> <surname>Rodriguez</surname></string-name><x>, </x><degrees>MSN, MBA, CDE</degrees></contrib><x>, </x><contrib contrib-type="author"><string-name><given-names>Emily</given-names> <surname>Weidman-Evans</surname></string-name><x>, </x><degrees>PharmD, BC-ADM, CPE</degrees></contrib></contrib-group><pub-date pub-type="epub-ppub"><month>5</month><year>2018</year></pub-date><volume>6</volume><issue>3</issue><fpage>10</fpage><lpage>15</lpage><permissions><copyright-statement>© 2018 by the American Association of Diabetes Educators</copyright-statement><copyright-year>2018</copyright-year><copyright-holder content-type="society">American Association of Diabetes Educators</copyright-holder></permissions><self-uri content-type="pdf" xlink:href="2325160318764464.pdf"/></article-meta></front><body><graphic id="fig1-2325160318764464" xlink:href="10.1177_2325160318764464-img1.tif"/><p><disp-quote><p>The function of a formulary is to optimize utilization of medications and medical devices while taking into consideration cost, effectiveness, and safety.</p></disp-quote></p><p>Through our training and professional experiences as diabetes educators, we are well versed in the overall care of the individual with diabetes. We educate our patients and their families on the whole spectrum of diabetes care requirements, from the lifestyle recommendations of healthy eating and regular exercise to an in-depth understanding of the variety of available medications and technologies to help achieve desired patient and health system goals. To undertake our roles effectively, we are often intimately connected to our multidisciplinary colleagues and other service lines or departments within our respective health care environments, and so we have important “system” knowledge.</p><sec id="section1-2325160318764464"><title>What Is a Formulary?</title><p>A formulary is an official list of medications that may be prescribed. For the purpose of our discussion, we will focus on diabetes formularies that include medications and diabetes-related medical devices selected for coverage by a health insurance plan or health system (<xref ref-type="table" rid="table1-2325160318764464">Table 1</xref>).</p><table-wrap id="table1-2325160318764464" position="float"><label>Table 1.</label><caption><p>Diabetes Formulary and Medical Devices.</p></caption><alternatives><graphic xlink:href="10.1177_2325160318764464-table1.tif"/><table><colgroup><col align="left"/></colgroup><thead><tr><th align="left">Diabetes Formulary and Medical Devices</th></tr></thead><tbody><tr><td>• Oral diabetes medicines<break/>• Injectable non-insulin therapies<break/>• Insulin therapies<break/>• Insulin devices: syringes, pens, pumps, patches<break/>• Blood glucose meters<break/>• Glucose test strips<break/>• Lancets<break/>• Ketone monitoring (meters and strips)<break/>• Continuous glucose monitoring systems</td></tr></tbody></table></alternatives></table-wrap><p>As supported in a systematic literature review in 2014, the function of a formulary is to optimize utilization of medications and medical devices while taking into consideration cost, effectiveness, and safety.<sup><xref ref-type="bibr" rid="bibr1-2325160318764464">1</xref></sup> This is especially important with the rising cost and number of therapeutic options for diabetes medications and supplies as well as the overall increase in the number of people with diabetes.</p><p>Formularies are most often created within and specific to health insurance plans and health systems to ensure they meet respective reimbursement eligibility and accreditation requirements. Formularies are usually developed by a Pharmacy and Therapeutics (P&amp;T) committee within a health system that is comprised of multidisciplinary expertise (<xref ref-type="table" rid="table2-2325160318764464">Table 2</xref>).</p><table-wrap id="table2-2325160318764464" position="float"><label>Table 2.</label><caption><p>Pharmacy and Therapeutics (P&amp;T) Committee</p></caption><alternatives><graphic xlink:href="10.1177_2325160318764464-table2.tif"/><table><colgroup><col align="left"/><col align="left"/></colgroup><thead><tr><th align="left" colspan="2">Pharmacy and Therapeutics (P&amp;T) Committee</th></tr></thead><tbody><tr><td><bold>Members</bold></td><td>• Physicians<break/>• Pharmacists<break/>• Nurses<break/>• Administrators<break/>• Other staff involved in the medication and device use process</td></tr><tr><td><bold>Function of the P&amp;T committee</bold></td><td>• Create and maintain the formulary<break/>• Conduct medication use evaluations<break/>• Conduct adverse-drug event monitoring<break/> ➜ Medication error prevention<break/> ➜ Development of local clinical guidelines and policies</td></tr></tbody></table></alternatives></table-wrap><p>Higher cost, “non-preferred” medications often require a prior authorization for health insurance providers to pay for the cost of the drug. According to a publication by researchers at Tufts Medical Center, the prior authorization process is different between systems but can be extremely time consuming and usually requires proof that a patient has failed or is not appropriate for the formulary medication.<sup><xref ref-type="bibr" rid="bibr2-2325160318764464">2</xref></sup> This form is signed by the prescriber and then faxed to the insurance provider. <xref ref-type="table" rid="table3-2325160318764464">Table 3</xref> describes different components of the formulary system.</p><table-wrap id="table3-2325160318764464" position="float"><label>Table 3.</label><caption><p>Formulary System Components</p></caption><alternatives><graphic xlink:href="10.1177_2325160318764464-table3.tif"/><table><colgroup><col align="left"/><col align="left"/></colgroup><thead><tr><th align="left" colspan="2">Formulary System Components</th></tr></thead><tbody><tr><td><bold>Definition of a formulary</bold></td><td>• Medications, devices, delivery systems allowed to be prescribed by a facility and selected for health insurance coverage</td></tr><tr><td><bold>Tier system on a formulary</bold></td><td>• Medications are placed into categories, or “tiers,” according to:<break/> ➜ lower cost preferred drugs<break/> ➜ higher cost nonpreferred drugs<break/> ➜ quantity restrictions<break/> ➜ co-pay amounts<break/>• Costs for medications and medical devices vary depending on:<break/> ➜ health insurance coverage<break/> ➜ associated out-of-pocket costs<break/> ➜ deductibles<break/> ➜ co-insurance/co-payments</td></tr><tr><td><bold>Nonpreferred medication on a formulary</bold></td><td>• Medication requiring a prior authorization with the requirement for the prescriber to justify:<break/> ➜ formulary medication(s) is not sufficient to reach clinical goal<break/> ➜ formulary device does not meet patient medical needs</td></tr><tr><td><bold>Impacting factors</bold></td><td>• Quality of clinical data (efficacy, clinical performance, accuracy)<break/>• Likelihood of severe adverse effects<break/>• Cost-effectiveness<break/>• Overall budget impact<break/>• Ease of use and data interpretation</td></tr></tbody></table></alternatives></table-wrap></sec><sec id="section2-2325160318764464"><title>Why Should Diabetes Educators Participate in Formulary Decisions?</title><p>Patients, health systems, and health insurance providers can benefit from the expertise of diabetes educators in patient assessment and education, diabetes medications, and diabetes-related devices. Educators can provide insight into the needs of individual patients, considering their specific challenges with medication taking or utilization of the various technologies. This information can be shared to emphasize the importance of flexibility in options to enhance self-management and long-term health outcomes for individual patients. Data from two studies conducted by Kaiser Permanente and University of Louisville suggest that formulary changes may have a negative impact on people with diabetes by altering the daily diabetes self-care routine, especially in relation to medication and monitoring practices.<sup><xref ref-type="bibr" rid="bibr3-2325160318764464">3</xref>,<xref ref-type="bibr" rid="bibr4-2325160318764464">4</xref></sup></p><p>The challenge within our health care environment is to ensure that each patient has access to the required medications and technologies with effective and timely utilization and all within budgetary constraints. Incorporating a diabetes educator into the decision-making process for health systems, insurance companies, and government agencies to help determine appropriate products available on formularies has the potential to maximize patient outcomes and in the long term reduce patient and system costs from acute and chronic complications. As outlined in an Innovus inVision database review (2006-2010), uninformed decisions can lead to poor blood glucose results, increase short- and long-term complications, and compromise safety, yielding high costs to the individual, their health plan, or the health system.<sup><xref ref-type="bibr" rid="bibr5-2325160318764464">5</xref></sup></p></sec><sec id="section3-2325160318764464"><title>What Roles Can Diabetes Educators Play?</title><p>Diabetes educators have important health service system knowledge and are frequently involved in clinical and system training on diabetes-related initiatives. Training clearly also extends to patient interactions on relevant medications and devices with the goal of optimizing health outcomes.</p><p><disp-quote><p>Data from two studies conducted by Kaiser Permanente and University of Louisville suggest that formulary changes may have a negative impact on people with diabetes by altering the daily diabetes self-care routine.</p></disp-quote></p><p>According to the ADA, AADE, and AND joint position statement on DSMES, the patient’s comorbid conditions, mental health, physical limitations, and psychosocial factors (eg, literacy and financial barriers) are important medication and device decision and training considerations.<sup><xref ref-type="bibr" rid="bibr6-2325160318764464">6</xref></sup> All of these factors help determine optimal care for individuals with diabetes. For example, a patient with visual impairment may require a glucose meter with a large display or auditory cues. A patient who has lost his or her job may require the aid of a social worker to obtain his or her insulin pump supplies or need to transition to syringes or insulin pens. Diabetes educators routinely evaluate all of these aspects of care and have the experience and expertise to help prioritize and allocate the necessary resources to address individual and system-wide needs.</p><p><disp-quote><p>At minimum, diabetes educators should be included as expert consultants on P&amp;T committees.</p></disp-quote></p><p>At minimum, diabetes educators should be included as expert consultants on P&amp;T committees (<xref ref-type="table" rid="table4-2325160318764464">Table 4</xref>). As P&amp;T committee representatives, we have the opportunity to share critical clinical guideline and literature updates, device experiences, as well as important patient factors for consideration in decision making. We therefore play an important role by contributing to the decision-making process to optimize system safety, effectiveness, and efficiencies.</p><table-wrap id="table4-2325160318764464" position="float"><label>Table 4.</label><caption><p>Roles of Diabetes Educators in Diabetes Formulary and Medical Device Decisions</p></caption><alternatives><graphic xlink:href="10.1177_2325160318764464-table4.tif"/><table><colgroup><col align="left"/><col align="char" char="."/></colgroup><thead><tr><th align="left" colspan="2">Roles of Diabetes Educators in Diabetes Formulary and Medical Device Decisions</th></tr></thead><tbody><tr><td><bold>P&amp;T Committee</bold></td><td>• Expert consultant, at minimum, on P&amp;T Committee with diabetes-related decisions:<break/> ➜ content expertise (clinical practice guidelines and biomedical literature)<break/> ➜ drug or device coverage<break/> ➜ clinical knowledge and experiences<break/> ➜ patient advocacy<break/> ➜ share patient experiences<break/> ➜ health system knowledge</td></tr><tr><td><bold>Health system</bold></td><td>• Systemwide training (health professionals and other relevant personnel)<break/>• Policy and procedure development, implementation and evaluation<break/>• Research participation in associated areas</td></tr><tr><td><bold>Patient</bold></td><td>• Medication and medical device training</td></tr></tbody></table></alternatives></table-wrap></sec><sec id="section4-2325160318764464"><title>How Do Diabetes Educators Become Part of a P&amp;T Committee?</title><p>A diabetes educator may be contacted by the Chair of the P&amp;T committee or another professional overseeing the committee. Typically, a pharmacist may lead the P&amp;T committee and may already be a certified diabetes educator (CDE). If a diabetes educator is interested in being more involved with medication and device-making decisions for an institution or group, then she would contact the chair of their respective P&amp;T committee. As outlined by the Academy of Managed Care Pharmacy, health care practitioners may be asked to review and disseminate scientific, clinical. and health economic information regarding a medication or device.<sup><xref ref-type="bibr" rid="bibr7-2325160318764464">7</xref></sup> The diabetes educator may be asked to review primary literature regarding a medication or device in order to provide written documentation about the use for an institution. They may also present the information orally for the committee before it is written formally and voted on by the P&amp;T committee. The diabetes educator may provide documents on the medication or device as a drug utilization evaluation or monograph.</p><p>Increasing opportunities for diabetes educators to become part of a P&amp;T committee or other relevant health system committees and initiatives requires effective communication of the value they provide to their respective health care environment. Strategies for increasing health service/system awareness of the value of their role could include identification of and outreach to system-wide initiatives, as well as dissemination of patient clinical and behavioral outcomes relevant to their services.</p><p>Raising awareness of the professional role and responsibilities of diabetes educators/CDEs though system-wide communication mechanisms, including publications, public forums and health service events, will help raise both system awareness and value. Importantly, if you are interested or compelled to be an advocate for choices for our patients, contact your major insurers and offer your services as a credible resource for decision-making in regards to products for patients.</p><p><disp-quote><p>If you are interested or compelled to be an advocate for choices for patients, contact your major insurers and offer your services as a credible resource for decision-making in regards to products for patients.</p></disp-quote></p><graphic id="fig2-2325160318764464" xlink:href="10.1177_2325160318764464-img2.tif"/></sec><sec id="section5-2325160318764464"><title>Position Statement From the AADE</title><p>The American Association of Diabetes Educators (AADE) advocates for the role of diabetes educators in diabetes formulary and medical device decisions and changes (<xref ref-type="table" rid="table5-2325160318764464">Table 5</xref>). The 2017 AADE position statement titled “The Role of the Diabetes Educator in Diabetes Formulary and Medical Device Decisions” and other helpful practice documents are located on the AADE website at: <ext-link ext-link-type="uri" xlink:href="http://diabeteseducator.org/position">diabeteseducator.org/position</ext-link>.<sup><xref ref-type="bibr" rid="bibr8-2325160318764464">8</xref></sup></p><table-wrap id="table5-2325160318764464" position="float"><label>Table 5.</label><caption><p>AADE Position: The Role of Diabetes Educators in Diabetes Formulary and Medical Device Decisions</p></caption><alternatives><graphic xlink:href="10.1177_2325160318764464-table5.tif"/><table><colgroup><col align="left"/></colgroup><thead><tr><th align="left">AADE Position: The Role of Diabetes Educators in Diabetes Formulary and Medical Device Decisions</th></tr></thead><tbody><tr><td>•  Content expert representation (at minimum) on Pharmacy and Therapeutics P&amp;T Committees<break/>•  Advocating for persons with diabetes (PWD) affected by formulary changes (including changes in insulin delivery devices, glucose meters and sensors)<break/>•  Information dissemination and training on medications and medical devices to PWD, health care professionals, and other relevant health system personnel<break/>•  Active research participation in areas including formulary decisions and the clinical and economic impact of diabetes educators serving in these roles</td></tr></tbody></table></alternatives></table-wrap></sec><sec id="section6-2325160318764464" sec-type="conclusions"><title>Conclusion</title><p>This article has outlined the importance and benefits of diabetes educators being actively involved in diabetes formulary and medical device decisions. As diabetes educators, our clinical experiences and knowledge, health system involvement, and clinical training expertise make us uniquely qualified and highly valuable. ■</p></sec></body><back><fn-group><fn fn-type="other"><label>ORCID iD</label><p>Kellie Rodriguez <inline-graphic xlink:href="10.1177_2325160318764464-img3.png"/><ext-link ext-link-type="uri" xlink:href="https://orcid.org/0000-0002-1619-8918">https://orcid.org/0000-0002-1619-8918</ext-link></p></fn></fn-group><bio><p>Jennifer N. Clements, PharmD, FCCP, BCPS, CDE, BCACP, is with Presbyterian College School of Pharmacy in Clinton, SC. Carla Cox, PhD, RD, CDE, FAADE, is with PMG Endocrinology in Missoula, MT. Samuel S. Grossman, BS Pharm, RPh, PharmD, is with Harbor Healthcare System and City University of New York in New York, NY. Diana Isaacs, PharmD, BCPS, BC-ADM, CDE, is with Cleveland Clinic in Cleveland, OH. Kellie Rodriguez, MSN, MBA, CDE, is with Parkland Health &amp; Hospital System in Dallas, TX. Emily Weidman-Evans, PharmD, BC-ADM, CPE, is with LSUHSC-Shreveport Physician Assistant Program in Shreveport, LA.</p></bio><ref-list><title>References</title><ref id="bibr1-2325160318764464"><label>1.</label><mixed-citation publication-type="journal">
<person-group person-group-type="author"><string-name><surname>Happe</surname> <given-names>LE</given-names></string-name>, <string-name><surname>Clark</surname> <given-names>D</given-names></string-name>, <string-name><surname>Holliday</surname> <given-names>E</given-names></string-name>, <etal/></person-group>. <article-title>A systematic literature review assessing the directional impact of managed care formulary restrictions on medication adherence, clinical outcomes, economic outcomes, and health care resource utilization</article-title>. <source>J Manag Care Spec Pharm</source>. <year>2014</year>;<volume>20</volume>(<issue>7</issue>):<fpage>677</fpage>-<lpage>684</lpage>.</mixed-citation></ref><ref id="bibr2-2325160318764464"><label>2.</label><mixed-citation publication-type="journal">
<person-group person-group-type="author"><string-name><surname>Neumann</surname> <given-names>PJ</given-names></string-name>, <string-name><surname>Cohen</surname> <given-names>JT.</given-names></string-name></person-group> <article-title>Measuring the value of prescription drugs</article-title>. <source>N Engl J Med</source>. <year>2015</year>;<volume>373</volume>(<issue>27</issue>):<fpage>2595</fpage>-<lpage>2597</lpage>.</mixed-citation></ref><ref id="bibr3-2325160318764464"><label>3.</label><mixed-citation publication-type="journal">
<person-group person-group-type="author"><string-name><surname>Karter</surname> <given-names>AJ</given-names></string-name>, <string-name><surname>Ferrara</surname> <given-names>A</given-names></string-name>, <string-name><surname>Darbinian</surname> <given-names>JA</given-names></string-name>, <string-name><surname>Ackerson</surname> <given-names>LM</given-names></string-name>, <string-name><surname>Selby</surname> <given-names>JV.</given-names></string-name></person-group> <article-title>Self-monitoring of blood glucose: language and financial barriers in a managed care population with diabetes</article-title>. <source>Diabetes Care</source>. <year>2000</year>;<volume>23</volume>(<issue>4</issue>):<fpage>477</fpage>-<lpage>483</lpage>.</mixed-citation></ref><ref id="bibr4-2325160318764464"><label>4.</label><mixed-citation publication-type="journal">
<person-group person-group-type="author"><string-name><surname>Wintergerst</surname> <given-names>KA</given-names></string-name>, <string-name><surname>Hinkle</surname> <given-names>KM</given-names></string-name>, <string-name><surname>Barnes</surname> <given-names>CN</given-names></string-name>, <string-name><surname>Omoruyi</surname> <given-names>AO</given-names></string-name>, <string-name><surname>Foster</surname> <given-names>MB.</given-names></string-name></person-group> <article-title>The impact of health insurance coverage on pediatric diabetes management</article-title>. <source>Diab Res Clin Prac</source>. <year>2010</year>;<volume>90</volume>:<fpage>40</fpage>-<lpage>44</lpage>.</mixed-citation></ref><ref id="bibr5-2325160318764464"><label>5.</label><mixed-citation publication-type="journal">
<person-group person-group-type="author"><string-name><surname>Eby</surname> <given-names>EL</given-names></string-name>, <string-name><surname>Boye</surname> <given-names>KS</given-names></string-name>, <string-name><surname>Lage</surname> <given-names>MJ.</given-names></string-name></person-group> <article-title>The association between use of mealtime insulin pens versus vials and healthcare charges and resource utilization in patients with type 2 diabetes: a retrospective cohort study</article-title>. <source>J Med Econ</source>. <year>2013</year>;<volume>16</volume>(<issue>10</issue>):<fpage>1231</fpage>-<lpage>1237</lpage>.</mixed-citation></ref><ref id="bibr6-2325160318764464"><label>6.</label><mixed-citation publication-type="journal">
<person-group person-group-type="author"><string-name><surname>Powers</surname> <given-names>MS</given-names></string-name>, <string-name><surname>Bardsley</surname> <given-names>J</given-names></string-name>, <string-name><surname>Cypress</surname> <given-names>M</given-names></string-name>, <etal/></person-group>. <article-title>Diabetes self-management education and support in type 2 diabetes: a joint position statement of the American Diabetes Association, the American Association of Diabetes Educators, and the Academy of Nutrition and Dietetics</article-title>. <source>Diabetes Educator</source>. <year>2017</year>;<volume>43</volume>(<issue>1</issue>):<fpage>40</fpage>-<lpage>53</lpage>.</mixed-citation></ref><ref id="bibr7-2325160318764464"><label>7.</label><mixed-citation publication-type="web">
<collab>Academy of Managed Care Pharmacy</collab>. <article-title>Formulary Management</article-title>. <year>2009</year>, <month>November</month> at: <ext-link ext-link-type="uri" xlink:href="http://www.amcp.org/WorkArea/DownloadAsset.aspx?id=9298">http://www.amcp.org/WorkArea/DownloadAsset.aspx?id=9298</ext-link>. <comment>Accessed January 29, 2018</comment>.</mixed-citation></ref><ref id="bibr8-2325160318764464"><label>8.</label><mixed-citation publication-type="web">
<collab>AADE</collab>. <article-title>The role of the diabetes educator in diabetes formulary and medical device decisions</article-title>. <ext-link ext-link-type="uri" xlink:href="https://www.diabeteseducator.org/practice/practice-documents/position-statements">https://www.diabeteseducator.org/practice/practice-documents/position-statements</ext-link>. <comment>Accessed February 27, 2018</comment>.</mixed-citation></ref></ref-list><sec id="section7-2325160318764464"><title>Additional Resources</title><list id="list1-2325160318764464" list-type="bullet"><list-item><p>Pharmacy Benefits Management Services Department of Veterans Affairs: <ext-link ext-link-type="uri" xlink:href="http://www.pbm.va.gov">www.pbm.va.gov</ext-link></p></list-item><list-item><p>Centers for Medicare and Medicaid Services: <ext-link ext-link-type="uri" xlink:href="http://www.cms.gov">www.cms.gov</ext-link></p></list-item><list-item><p>Formulary Lookup Resource: <ext-link ext-link-type="uri" xlink:href="https://lookup.decisionresourcesgroup.com/">https://lookup.decisionresourcesgroup.com/</ext-link></p></list-item><list-item><p>Prior Authorizations: <ext-link ext-link-type="uri" xlink:href="https://www.covermymeds.com/main/">https://www.covermymeds.com/main/</ext-link></p></list-item><list-item><p>MMIT: Formulary guidance and transparency from P&amp;T to point of care: <ext-link ext-link-type="uri" xlink:href="https://www.mmitnetwork.com/">https://www.mmitnetwork.com/</ext-link></p></list-item></list></sec></back></article>