<?xml version="1.0" encoding="UTF-8"?>
<!DOCTYPE issue-xml
PUBLIC "-//Atypon//DTD Atypon JATS Journal Archiving and Interchange Issue XML DTD v1.0 20120831//EN"
"JATS-1.0/Atypon-Issue-Xml.dtd">
<issue-xml><journal-meta><journal-id journal-id-type="publisher-id">AFPA</journal-id><journal-title-group><journal-title>Academic Forensic Pathology</journal-title></journal-title-group><issn pub-type="ppub">1925-3621</issn><issn pub-type="epub">1925-3621</issn><publisher><publisher-name>SAGE Publications</publisher-name></publisher></journal-meta><issue-meta issue-type="normal"><pub-date pub-type="epub-ppub"><month>6</month><year>2018</year></pub-date><volume>8</volume><issue>2</issue><issue-id pub-id-type="doi">10.1177/AFPA_8_2</issue-id><self-uri content-type="pdf" xlink:href="AFPA_8_2.pdf" xmlns:xlink="http://www.w3.org/1999/xlink"/></issue-meta><toc toc-type="page-order"><issue-subject-group><issue-subject-title><subject>Editorials</subject></issue-subject-title><issue-article-meta><article-id pub-id-type="doi">10.1177/1925362118785209</article-id></issue-article-meta><issue-article-meta><article-id pub-id-type="doi">10.1177/1925362118785218</article-id></issue-article-meta><issue-article-meta><article-id pub-id-type="doi">10.1177/1925362118785217</article-id></issue-article-meta></issue-subject-group><issue-subject-group><issue-subject-title><subject>Invited Reviews</subject></issue-subject-title><issue-article-meta><article-id pub-id-type="doi">10.1177/1925362118781607</article-id></issue-article-meta><issue-article-meta><article-id pub-id-type="doi">10.1177/1925362118781612</article-id></issue-article-meta><issue-article-meta><article-id pub-id-type="doi">10.1177/1925362118782047</article-id></issue-article-meta><issue-article-meta><article-id pub-id-type="doi">10.1177/1925362118782051</article-id></issue-article-meta><issue-article-meta><article-id pub-id-type="doi">10.1177/1925362118782056</article-id></issue-article-meta><issue-article-meta><article-id pub-id-type="doi">10.1177/1925362118782061</article-id></issue-article-meta><issue-article-meta><article-id pub-id-type="doi">10.1177/1925362118782071</article-id></issue-article-meta><issue-article-meta><article-id pub-id-type="doi">10.1177/1925362118782073</article-id></issue-article-meta></issue-subject-group><issue-subject-group><issue-subject-title><subject>Review Article</subject></issue-subject-title><issue-article-meta><article-id pub-id-type="doi">10.1177/1925362118782074</article-id></issue-article-meta></issue-subject-group><issue-subject-group><issue-subject-title><subject>Original Articles</subject></issue-subject-title><issue-article-meta><article-id pub-id-type="doi">10.1177/1925362118782076</article-id></issue-article-meta></issue-subject-group><issue-subject-group><issue-subject-title><subject>Methods and Procedures</subject></issue-subject-title><issue-article-meta><article-id pub-id-type="doi">10.1177/1925362118782077</article-id></issue-article-meta></issue-subject-group><issue-subject-group><issue-subject-title><subject>Case of The Month</subject></issue-subject-title><issue-article-meta><article-id pub-id-type="doi">10.1177/1925362118782079</article-id></issue-article-meta><issue-article-meta><article-id pub-id-type="doi">10.1177/1925362118782082</article-id></issue-article-meta></issue-subject-group><issue-subject-group><issue-subject-title><subject>Images in Forensic Pathology</subject></issue-subject-title><issue-article-meta><article-id pub-id-type="doi">10.1177/1925362118782083</article-id></issue-article-meta></issue-subject-group></toc></issue-xml>