<?xml version="1.0" encoding="UTF-8"?>
<!DOCTYPE issue-xml
PUBLIC "-//Atypon//DTD Atypon JATS Journal Archiving and Interchange Issue XML DTD v1.0 20120831//EN"
"JATS-1.0/Atypon-Issue-Xml.dtd">
<issue-xml><journal-meta><journal-id journal-id-type="publisher-id">AFPA</journal-id><journal-title-group><journal-title>Academic Forensic Pathology</journal-title></journal-title-group><issn pub-type="ppub">1925-3621</issn><issn pub-type="epub">1925-3621</issn><publisher><publisher-name>SAGE Publications</publisher-name></publisher></journal-meta><issue-meta issue-type="normal"><pub-date pub-type="epub-ppub"><month>9</month><year>2016</year></pub-date><volume>6</volume><issue>3</issue><issue-id pub-id-type="doi">10.1177/AFPA_6_3</issue-id><issue-title>Themed Issue: Forensic Anthropology</issue-title><self-uri content-type="pdf" xlink:href="AFPA_6_3.pdf" xmlns:xlink="http://www.w3.org/1999/xlink"/></issue-meta><toc toc-type="page-order"><issue-subject-group><issue-subject-title><subject>Letter</subject></issue-subject-title><issue-article-meta><article-id pub-id-type="doi">10.1177/192536211600600301</article-id></issue-article-meta><issue-article-meta><article-id pub-id-type="doi">10.1177/192536211600600302</article-id></issue-article-meta><issue-article-meta><article-id pub-id-type="doi">10.1177/192536211600600303</article-id></issue-article-meta></issue-subject-group><issue-subject-group><issue-subject-title><subject>Invited Review</subject></issue-subject-title><issue-article-meta><article-id pub-id-type="doi">10.23907/2016.036</article-id></issue-article-meta><issue-article-meta><article-id pub-id-type="doi">10.23907/2016.037</article-id></issue-article-meta><issue-article-meta><article-id pub-id-type="doi">10.23907/2016.038</article-id></issue-article-meta><issue-article-meta><article-id pub-id-type="doi">10.23907/2016.039</article-id></issue-article-meta><issue-article-meta><article-id pub-id-type="doi">10.23907/2016.040</article-id></issue-article-meta><issue-article-meta><article-id pub-id-type="doi">10.23907/2016.041</article-id></issue-article-meta><issue-article-meta><article-id pub-id-type="doi">10.23907/2016.042</article-id></issue-article-meta><issue-article-meta><article-id pub-id-type="doi">10.23907/2016.043</article-id></issue-article-meta><issue-article-meta><article-id pub-id-type="doi">10.23907/2016.044</article-id></issue-article-meta><issue-article-meta><article-id pub-id-type="doi">10.23907/2016.045</article-id></issue-article-meta><issue-article-meta><article-id pub-id-type="doi">10.23907/2016.046</article-id></issue-article-meta><issue-article-meta><article-id pub-id-type="doi">10.23907/2016.047</article-id></issue-article-meta><issue-article-meta><article-id pub-id-type="doi">10.23907/2016.048</article-id></issue-article-meta><issue-article-meta><article-id pub-id-type="doi">10.23907/2016.049</article-id></issue-article-meta><issue-article-meta><article-id pub-id-type="doi">10.23907/2016.050</article-id></issue-article-meta></issue-subject-group><issue-subject-group><issue-subject-title><subject>Original Article</subject></issue-subject-title><issue-article-meta><article-id pub-id-type="doi">10.23907/2016.051</article-id></issue-article-meta><issue-article-meta><article-id pub-id-type="doi">10.23907/2016.052</article-id></issue-article-meta><issue-article-meta><article-id pub-id-type="doi">10.23907/2016.053</article-id></issue-article-meta><issue-article-meta><article-id pub-id-type="doi">10.23907/2016.054</article-id></issue-article-meta></issue-subject-group></toc></issue-xml>